PID,trial_no,trial_type,choice,delay,age,gender
554,67,win,0,1,25,male
554,68,win,1,40,25,male
554,69,win,0,20,25,male
554,70,win,1,1,25,male
554,71,win,1,10,25,male
554,72,win,0,1,25,male
554,73,win,1,5,25,male
554,74,win,0,1,25,male
554,75,win,1,40,25,male
554,76,win,1,20,25,male
554,77,win,0,5,25,male
554,78,win,0,1,25,male
554,79,win,1,2,25,male
554,80,win,1,2,25,male
554,81,win,0,5,25,male
554,82,win,0,1,25,male
554,83,win,1,20,25,male
554,84,win,0,2,25,male
554,85,win,1,20,25,male
554,86,win,0,10,25,male
554,87,win,1,2,25,male
554,88,win,0,2,25,male
554,89,win,1,5,25,male
554,90,win,1,10,25,male
554,91,win,0,10,25,male
554,92,win,0,5,25,male
554,93,win,0,1,25,male
554,94,win,0,2,25,male
554,95,win,1,1,25,male
554,96,win,1,10,25,male
554,97,win,1,20,25,male
554,98,win,1,80,25,male
554,99,win,1,10,25,male
554,100,win,1,20,25,male
554,101,win,0,80,25,male
554,102,win,1,1,25,male
554,103,win,1,2,25,male
554,104,win,1,80,25,male
554,105,win,0,5,25,male
554,106,win,1,20,25,male
554,107,win,0,10,25,male
554,108,win,1,10,25,male
554,109,win,0,20,25,male
554,110,win,1,40,25,male
554,111,win,0,5,25,male
554,112,win,0,5,25,male
554,113,win,0,40,25,male
554,114,win,1,80,25,male
554,115,win,1,10,25,male
554,116,win,0,2,25,male
554,117,win,1,40,25,male
554,118,win,1,20,25,male
554,119,win,1,80,25,male
554,120,win,1,2,25,male
554,121,win,0,5,25,male
554,122,win,1,20,25,male
554,123,win,0,1,25,male
554,124,win,0,2,25,male
554,125,win,1,5,25,male
554,126,win,1,10,25,male
3731,68,win,1,1,22,male
3731,84,win,0,1,22,male
3731,85,win,1,1,22,male
3731,96,win,1,1,22,male
3731,97,win,1,1,22,male
3731,103,win,1,1,22,male
3731,114,win,1,1,22,male
3731,115,win,1,1,22,male
3731,117,win,1,1,22,male
3731,120,win,1,1,22,male
3731,71,win,1,2,22,male
3731,76,win,0,2,22,male
3731,79,win,1,2,22,male
3731,80,win,0,2,22,male
3731,98,win,1,2,22,male
3731,100,win,1,2,22,male
3731,101,win,1,2,22,male
3731,116,win,1,2,22,male
3731,119,win,1,2,22,male
3731,122,win,1,2,22,male
3731,70,win,1,5,22,male
3731,72,win,1,5,22,male
3731,75,win,0,5,22,male
3731,91,win,1,5,22,male
3731,99,win,1,5,22,male
3731,102,win,0,5,22,male
3731,104,win,0,5,22,male
3731,111,win,0,5,22,male
3731,124,win,0,5,22,male
3731,125,win,0,5,22,male
3731,67,win,0,10,22,male
3731,69,win,0,10,22,male
3731,73,win,1,10,22,male
3731,81,win,0,10,22,male
3731,83,win,0,10,22,male
3731,86,win,0,10,22,male
3731,94,win,0,10,22,male
3731,107,win,0,10,22,male
3731,110,win,0,10,22,male
3731,121,win,0,10,22,male
3731,74,win,1,20,22,male
3731,77,win,0,20,22,male
3731,78,win,0,20,22,male
3731,88,win,0,20,22,male
3731,90,win,0,20,22,male
3731,92,win,0,20,22,male
3731,109,win,0,20,22,male
3731,112,win,0,20,22,male
3731,118,win,0,20,22,male
3731,126,win,0,20,22,male
3731,87,win,1,40,22,male
3731,89,win,0,40,22,male
3731,105,win,0,40,22,male
3731,106,win,0,40,22,male
3731,123,win,0,40,22,male
3731,82,win,0,80,22,male
3731,93,win,0,80,22,male
3731,95,win,0,80,22,male
3731,108,win,0,80,22,male
3731,113,win,0,80,22,male
4118,67,win,1,2,26,male
4118,68,win,1,80,26,male
4118,69,win,1,20,26,male
4118,70,win,1,40,26,male
4118,71,win,0,2,26,male
4118,72,win,1,2,26,male
4118,73,win,0,1,26,male
4118,74,win,0,5,26,male
4118,75,win,1,10,26,male
4118,76,win,1,1,26,male
4118,77,win,1,2,26,male
4118,78,win,1,80,26,male
4118,79,win,1,20,26,male
4118,80,win,1,10,26,male
4118,81,win,1,5,26,male
4118,82,win,1,5,26,male
4118,83,win,1,20,26,male
4118,84,win,1,80,26,male
4118,85,win,1,5,26,male
4118,86,win,1,80,26,male
4118,87,win,0,10,26,male
4118,88,win,1,20,26,male
4118,89,win,0,1,26,male
4118,90,win,0,1,26,male
4118,91,win,0,1,26,male
4118,92,win,1,10,26,male
4118,93,win,1,10,26,male
4118,94,win,0,1,26,male
4118,95,win,0,10,26,male
4118,96,win,1,2,26,male
4118,97,win,1,40,26,male
4118,98,win,1,20,26,male
4118,99,win,1,20,26,male
4118,100,win,0,5,26,male
4118,101,win,1,5,26,male
4118,102,win,1,10,26,male
4118,103,win,0,5,26,male
4118,104,win,0,1,26,male
4118,105,win,0,2,26,male
4118,106,win,1,40,26,male
4118,107,win,1,1,26,male
4118,108,win,1,10,26,male
4118,109,win,1,40,26,male
4118,110,win,1,20,26,male
4118,111,win,1,10,26,male
4118,112,win,1,40,26,male
4118,113,win,0,2,26,male
4118,114,win,0,5,26,male
4118,115,win,1,5,26,male
4118,116,win,1,2,26,male
4118,117,win,1,2,26,male
4118,118,win,1,20,26,male
4118,119,win,0,1,26,male
4118,120,win,1,1,26,male
4118,121,win,1,10,26,male
4118,122,win,1,80,26,male
4118,123,win,1,20,26,male
4118,124,win,1,2,26,male
4118,125,win,1,5,26,male
4118,126,win,1,20,26,male
7575,67,win,0,20,23,female
7575,68,win,0,2,23,female
7575,69,win,0,5,23,female
7575,70,win,0,40,23,female
7575,71,win,1,5,23,female
7575,72,win,0,10,23,female
7575,73,win,1,1,23,female
7575,74,win,0,20,23,female
7575,75,win,1,2,23,female
7575,76,win,0,10,23,female
7575,77,win,1,2,23,female
7575,78,win,0,80,23,female
7575,79,win,0,1,23,female
7575,80,win,1,1,23,female
7575,81,win,0,40,23,female
7575,82,win,1,2,23,female
7575,83,win,1,1,23,female
7575,84,win,0,20,23,female
7575,85,win,1,5,23,female
7575,86,win,1,1,23,female
7575,87,win,0,20,23,female
7575,88,win,0,40,23,female
7575,89,win,1,2,23,female
7575,90,win,1,5,23,female
7575,91,win,0,80,23,female
7575,92,win,1,5,23,female
7575,93,win,0,20,23,female
7575,94,win,0,80,23,female
7575,95,win,0,10,23,female
7575,96,win,1,5,23,female
7575,97,win,0,80,23,female
7575,98,win,1,10,23,female
7575,99,win,0,10,23,female
7575,100,win,0,80,23,female
7575,101,win,1,20,23,female
7575,102,win,0,10,23,female
7575,103,win,1,2,23,female
7575,104,win,0,10,23,female
7575,105,win,0,40,23,female
7575,106,win,0,10,23,female
7575,107,win,1,40,23,female
7575,108,win,1,1,23,female
7575,109,win,0,20,23,female
7575,110,win,1,5,23,female
7575,111,win,0,20,23,female
7575,112,win,1,10,23,female
7575,113,win,0,20,23,female
7575,114,win,1,2,23,female
7575,115,win,1,1,23,female
7575,116,win,0,1,23,female
7575,117,win,0,20,23,female
7575,118,win,0,2,23,female
7575,119,win,1,1,23,female
7575,120,win,1,1,23,female
7575,121,win,0,5,23,female
7575,122,win,1,5,23,female
7575,123,win,1,10,23,female
7575,124,win,0,5,23,female
7575,125,win,1,2,23,female
7575,126,win,1,2,23,female
7626,7,win,1,20,18,male
7626,8,win,1,80,18,male
7626,9,win,1,40,18,male
7626,10,win,1,80,18,male
7626,11,win,1,5,18,male
7626,12,win,1,2,18,male
7626,13,win,1,10,18,male
7626,14,win,1,1,18,male
7626,15,win,1,2,18,male
7626,16,win,1,2,18,male
7626,17,win,1,1,18,male
7626,18,win,1,20,18,male
7626,19,win,1,80,18,male
7626,20,win,1,2,18,male
7626,21,win,1,10,18,male
7626,22,win,1,10,18,male
7626,23,win,1,20,18,male
7626,24,win,1,2,18,male
7626,25,win,1,5,18,male
7626,26,win,1,5,18,male
7626,27,win,1,5,18,male
7626,28,win,1,2,18,male
7626,29,win,1,80,18,male
7626,30,win,1,5,18,male
7626,31,win,1,1,18,male
7626,32,win,1,1,18,male
7626,33,win,1,2,18,male
7626,34,win,1,20,18,male
7626,35,win,1,10,18,male
7626,36,win,1,40,18,male
7626,37,win,1,5,18,male
7626,38,win,1,5,18,male
7626,39,win,1,20,18,male
7626,40,win,1,1,18,male
7626,41,win,1,5,18,male
7626,42,win,1,40,18,male
7626,43,win,1,2,18,male
7626,44,win,1,10,18,male
7626,45,win,1,10,18,male
7626,46,win,1,20,18,male
7626,47,win,1,2,18,male
7626,48,win,1,2,18,male
7626,49,win,1,10,18,male
7626,50,win,1,5,18,male
7626,51,win,1,1,18,male
7626,52,win,1,1,18,male
7626,53,win,1,5,18,male
7626,54,win,1,40,18,male
7626,55,win,1,1,18,male
7626,56,win,1,1,18,male
7626,57,win,1,40,18,male
7626,58,win,1,20,18,male
7626,59,win,1,10,18,male
7626,60,win,1,80,18,male
7626,61,win,1,20,18,male
7626,62,win,1,10,18,male
7626,63,win,1,1,18,male
7626,64,win,0,10,18,male
7626,65,win,1,20,18,male
7626,66,win,1,20,18,male
16068,67,win,1,5,18,female
16068,68,win,0,20,18,female
16068,69,win,0,20,18,female
16068,70,win,0,20,18,female
16068,71,win,0,2,18,female
16068,72,win,0,40,18,female
16068,73,win,0,1,18,female
16068,74,win,1,40,18,female
16068,75,win,0,80,18,female
16068,76,win,0,1,18,female
16068,77,win,1,10,18,female
16068,78,win,0,1,18,female
16068,79,win,0,2,18,female
16068,80,win,1,10,18,female
16068,81,win,1,5,18,female
16068,82,win,0,1,18,female
16068,83,win,1,20,18,female
16068,84,win,1,1,18,female
16068,85,win,0,1,18,female
16068,86,win,1,10,18,female
16068,87,win,1,5,18,female
16068,88,win,1,5,18,female
16068,89,win,0,80,18,female
16068,90,win,1,40,18,female
16068,91,win,1,20,18,female
16068,92,win,0,2,18,female
16068,93,win,0,1,18,female
16068,94,win,0,2,18,female
16068,95,win,1,20,18,female
16068,96,win,1,20,18,female
16068,97,win,1,5,18,female
16068,98,win,1,40,18,female
16068,99,win,0,80,18,female
16068,100,win,1,40,18,female
16068,101,win,1,20,18,female
16068,102,win,0,5,18,female
16068,103,win,1,1,18,female
16068,104,win,0,1,18,female
16068,105,win,1,5,18,female
16068,106,win,1,2,18,female
16068,107,win,1,5,18,female
16068,108,win,1,2,18,female
16068,109,win,0,2,18,female
16068,110,win,1,10,18,female
16068,111,win,1,10,18,female
16068,112,win,1,10,18,female
16068,113,win,1,80,18,female
16068,114,win,1,80,18,female
16068,115,win,0,1,18,female
16068,116,win,1,2,18,female
16068,117,win,0,5,18,female
16068,118,win,0,2,18,female
16068,119,win,0,2,18,female
16068,120,win,1,10,18,female
16068,121,win,1,20,18,female
16068,122,win,1,20,18,female
16068,123,win,1,10,18,female
16068,124,win,1,10,18,female
16068,125,win,1,10,18,female
16068,126,win,0,5,18,female
19661,67,win,0,80,18,female
19661,68,win,0,40,18,female
19661,69,win,0,40,18,female
19661,70,win,1,1,18,female
19661,71,win,1,1,18,female
19661,72,win,1,2,18,female
19661,73,win,0,2,18,female
19661,74,win,0,5,18,female
19661,75,win,1,2,18,female
19661,76,win,1,5,18,female
19661,77,win,1,10,18,female
19661,78,win,0,5,18,female
19661,79,win,0,20,18,female
19661,80,win,0,20,18,female
19661,81,win,1,20,18,female
19661,82,win,1,5,18,female
19661,83,win,1,80,18,female
19661,84,win,0,2,18,female
19661,85,win,0,20,18,female
19661,86,win,1,2,18,female
19661,87,win,1,10,18,female
19661,88,win,1,2,18,female
19661,89,win,1,1,18,female
19661,90,win,1,80,18,female
19661,91,win,0,20,18,female
19661,92,win,0,2,18,female
19661,93,win,0,2,18,female
19661,94,win,1,1,18,female
19661,95,win,1,1,18,female
19661,96,win,1,5,18,female
19661,97,win,1,20,18,female
19661,98,win,1,10,18,female
19661,99,win,0,1,18,female
19661,100,win,1,1,18,female
19661,101,win,1,10,18,female
19661,102,win,1,1,18,female
19661,103,win,0,10,18,female
19661,104,win,1,10,18,female
19661,105,win,1,10,18,female
19661,106,win,0,20,18,female
19661,107,win,1,20,18,female
19661,108,win,1,5,18,female
19661,109,win,1,40,18,female
19661,110,win,1,10,18,female
19661,111,win,1,40,18,female
19661,112,win,1,10,18,female
19661,113,win,1,5,18,female
19661,114,win,1,20,18,female
19661,115,win,0,80,18,female
19661,116,win,1,5,18,female
19661,117,win,1,5,18,female
19661,118,win,1,1,18,female
19661,119,win,1,20,18,female
19661,120,win,1,1,18,female
19661,121,win,1,80,18,female
19661,122,win,1,10,18,female
19661,123,win,1,40,18,female
19661,124,win,1,2,18,female
19661,125,win,1,2,18,female
19661,126,win,1,5,18,female
20359,8,win,0,1,19,male
20359,13,win,1,1,19,male
20359,14,win,1,1,19,male
20359,16,win,1,1,19,male
20359,17,win,1,1,19,male
20359,18,win,1,1,19,male
20359,20,win,0,1,19,male
20359,24,win,0,1,19,male
20359,30,win,1,1,19,male
20359,48,win,1,1,19,male
20359,10,win,1,2,19,male
20359,21,win,0,2,19,male
20359,26,win,0,2,19,male
20359,33,win,1,2,19,male
20359,39,win,1,2,19,male
20359,40,win,1,2,19,male
20359,41,win,0,2,19,male
20359,43,win,1,2,19,male
20359,54,win,1,2,19,male
20359,63,win,1,2,19,male
20359,7,win,0,5,19,male
20359,35,win,1,5,19,male
20359,36,win,0,5,19,male
20359,44,win,1,5,19,male
20359,45,win,0,5,19,male
20359,53,win,1,5,19,male
20359,56,win,0,5,19,male
20359,58,win,1,5,19,male
20359,61,win,0,5,19,male
20359,62,win,1,5,19,male
20359,19,win,0,10,19,male
20359,28,win,0,10,19,male
20359,29,win,1,10,19,male
20359,31,win,0,10,19,male
20359,32,win,1,10,19,male
20359,34,win,1,10,19,male
20359,37,win,1,10,19,male
20359,46,win,0,10,19,male
20359,55,win,1,10,19,male
20359,65,win,0,10,19,male
20359,12,win,1,20,19,male
20359,25,win,1,20,19,male
20359,38,win,0,20,19,male
20359,42,win,0,20,19,male
20359,49,win,1,20,19,male
20359,50,win,1,20,19,male
20359,51,win,1,20,19,male
20359,52,win,1,20,19,male
20359,57,win,1,20,19,male
20359,60,win,0,20,19,male
20359,9,win,0,40,19,male
20359,11,win,0,40,19,male
20359,22,win,1,40,19,male
20359,23,win,1,40,19,male
20359,64,win,1,40,19,male
20359,15,win,1,80,19,male
20359,27,win,1,80,19,male
20359,47,win,0,80,19,male
20359,59,win,1,80,19,male
20359,66,win,1,80,19,male
21397,67,win,1,10,21,male
21397,68,win,1,20,21,male
21397,69,win,1,10,21,male
21397,70,win,1,5,21,male
21397,71,win,1,5,21,male
21397,72,win,0,2,21,male
21397,73,win,0,10,21,male
21397,74,win,1,1,21,male
21397,75,win,1,10,21,male
21397,76,win,1,5,21,male
21397,77,win,1,20,21,male
21397,78,win,0,10,21,male
21397,79,win,1,1,21,male
21397,80,win,1,5,21,male
21397,81,win,0,5,21,male
21397,82,win,0,1,21,male
21397,83,win,1,10,21,male
21397,84,win,1,80,21,male
21397,85,win,1,5,21,male
21397,86,win,0,80,21,male
21397,87,win,1,1,21,male
21397,88,win,1,1,21,male
21397,89,win,1,40,21,male
21397,90,win,1,20,21,male
21397,91,win,0,5,21,male
21397,92,win,1,2,21,male
21397,93,win,1,20,21,male
21397,94,win,1,10,21,male
21397,95,win,0,2,21,male
21397,96,win,0,20,21,male
21397,97,win,1,40,21,male
21397,98,win,0,10,21,male
21397,99,win,1,1,21,male
21397,100,win,1,2,21,male
21397,101,win,1,1,21,male
21397,102,win,1,2,21,male
21397,103,win,1,40,21,male
21397,104,win,1,10,21,male
21397,105,win,0,1,21,male
21397,106,win,0,5,21,male
21397,107,win,0,1,21,male
21397,108,win,0,1,21,male
21397,109,win,1,80,21,male
21397,110,win,1,40,21,male
21397,111,win,0,40,21,male
21397,112,win,0,2,21,male
21397,113,win,0,20,21,male
21397,114,win,0,20,21,male
21397,115,win,1,20,21,male
21397,116,win,1,2,21,male
21397,117,win,1,2,21,male
21397,118,win,0,5,21,male
21397,119,win,1,10,21,male
21397,120,win,1,80,21,male
21397,121,win,1,2,21,male
21397,122,win,1,80,21,male
21397,123,win,1,5,21,male
21397,124,win,1,2,21,male
21397,125,win,0,20,21,male
21397,126,win,1,20,21,male
24411,68,win,0,1,18,male
24411,83,win,1,1,18,male
24411,88,win,1,1,18,male
24411,103,win,1,1,18,male
24411,105,win,0,1,18,male
24411,110,win,0,1,18,male
24411,115,win,0,1,18,male
24411,119,win,1,1,18,male
24411,120,win,1,1,18,male
24411,121,win,0,1,18,male
24411,70,win,1,2,18,male
24411,74,win,1,2,18,male
24411,80,win,1,2,18,male
24411,84,win,1,2,18,male
24411,95,win,1,2,18,male
24411,99,win,0,2,18,male
24411,112,win,1,2,18,male
24411,113,win,1,2,18,male
24411,118,win,1,2,18,male
24411,126,win,1,2,18,male
24411,67,win,1,5,18,male
24411,79,win,1,5,18,male
24411,86,win,0,5,18,male
24411,92,win,1,5,18,male
24411,96,win,0,5,18,male
24411,98,win,1,5,18,male
24411,106,win,0,5,18,male
24411,107,win,1,5,18,male
24411,116,win,1,5,18,male
24411,123,win,0,5,18,male
24411,72,win,1,10,18,male
24411,73,win,0,10,18,male
24411,76,win,0,10,18,male
24411,77,win,1,10,18,male
24411,78,win,1,10,18,male
24411,87,win,1,10,18,male
24411,97,win,0,10,18,male
24411,102,win,0,10,18,male
24411,114,win,1,10,18,male
24411,125,win,1,10,18,male
24411,69,win,1,20,18,male
24411,71,win,1,20,18,male
24411,81,win,0,20,18,male
24411,85,win,1,20,18,male
24411,93,win,1,20,18,male
24411,94,win,0,20,18,male
24411,100,win,1,20,18,male
24411,109,win,0,20,18,male
24411,111,win,1,20,18,male
24411,122,win,1,20,18,male
24411,82,win,1,40,18,male
24411,90,win,1,40,18,male
24411,91,win,0,40,18,male
24411,104,win,1,40,18,male
24411,108,win,1,40,18,male
24411,75,win,1,80,18,male
24411,89,win,1,80,18,male
24411,101,win,1,80,18,male
24411,117,win,1,80,18,male
24411,124,win,1,80,18,male
26116,7,win,0,20,21,male
26116,8,win,0,80,21,male
26116,9,win,0,2,21,male
26116,10,win,1,2,21,male
26116,11,win,0,2,21,male
26116,12,win,1,1,21,male
26116,13,win,0,10,21,male
26116,14,win,0,20,21,male
26116,15,win,0,20,21,male
26116,16,win,1,40,21,male
26116,17,win,0,5,21,male
26116,18,win,0,10,21,male
26116,19,win,0,80,21,male
26116,20,win,0,5,21,male
26116,21,win,0,5,21,male
26116,22,win,0,5,21,male
26116,23,win,0,5,21,male
26116,24,win,0,2,21,male
26116,25,win,0,10,21,male
26116,26,win,0,40,21,male
26116,27,win,0,20,21,male
26116,28,win,0,2,21,male
26116,29,win,0,40,21,male
26116,30,win,0,5,21,male
26116,31,win,0,1,21,male
26116,32,win,0,2,21,male
26116,33,win,0,20,21,male
26116,34,win,0,20,21,male
26116,35,win,0,2,21,male
26116,36,win,0,1,21,male
26116,37,win,0,80,21,male
26116,38,win,0,2,21,male
26116,39,win,0,1,21,male
26116,40,win,0,10,21,male
26116,41,win,0,40,21,male
26116,42,win,0,5,21,male
26116,43,win,0,1,21,male
26116,44,win,0,80,21,male
26116,45,win,0,20,21,male
26116,46,win,0,10,21,male
26116,47,win,0,2,21,male
26116,48,win,0,1,21,male
26116,49,win,0,10,21,male
26116,50,win,0,20,21,male
26116,51,win,0,1,21,male
26116,52,win,0,10,21,male
26116,53,win,0,2,21,male
26116,54,win,0,1,21,male
26116,55,win,0,1,21,male
26116,56,win,0,5,21,male
26116,57,win,0,80,21,male
26116,58,win,0,40,21,male
26116,59,win,0,1,21,male
26116,60,win,0,20,21,male
26116,61,win,0,10,21,male
26116,62,win,0,5,21,male
26116,63,win,0,10,21,male
26116,64,win,0,10,21,male
26116,65,win,0,20,21,male
26116,66,win,0,5,21,male
29744,7,win,1,5,18,male
29744,8,win,0,20,18,male
29744,9,win,0,1,18,male
29744,10,win,1,5,18,male
29744,11,win,1,80,18,male
29744,12,win,1,20,18,male
29744,13,win,0,5,18,male
29744,14,win,1,2,18,male
29744,15,win,0,5,18,male
29744,16,win,1,10,18,male
29744,17,win,1,20,18,male
29744,18,win,1,10,18,male
29744,19,win,0,80,18,male
29744,20,win,1,2,18,male
29744,21,win,1,1,18,male
29744,22,win,1,5,18,male
29744,23,win,1,2,18,male
29744,24,win,1,1,18,male
29744,25,win,0,80,18,male
29744,26,win,1,20,18,male
29744,27,win,0,40,18,male
29744,28,win,1,20,18,male
29744,29,win,0,80,18,male
29744,30,win,1,20,18,male
29744,31,win,0,80,18,male
29744,32,win,1,5,18,male
29744,33,win,0,2,18,male
29744,34,win,1,10,18,male
29744,35,win,1,1,18,male
29744,36,win,1,5,18,male
29744,37,win,1,1,18,male
29744,38,win,1,1,18,male
29744,39,win,1,10,18,male
29744,40,win,1,1,18,male
29744,41,win,1,10,18,male
29744,42,win,1,10,18,male
29744,43,win,0,10,18,male
29744,44,win,1,2,18,male
29744,45,win,1,5,18,male
29744,46,win,0,20,18,male
29744,47,win,0,20,18,male
29744,48,win,1,2,18,male
29744,49,win,1,10,18,male
29744,50,win,1,2,18,male
29744,51,win,1,2,18,male
29744,52,win,0,10,18,male
29744,53,win,1,1,18,male
29744,54,win,1,10,18,male
29744,55,win,1,5,18,male
29744,56,win,0,20,18,male
29744,57,win,1,1,18,male
29744,58,win,1,5,18,male
29744,59,win,1,2,18,male
29744,60,win,0,40,18,male
29744,61,win,1,2,18,male
29744,62,win,1,40,18,male
29744,63,win,1,40,18,male
29744,64,win,1,40,18,male
29744,65,win,1,20,18,male
29744,66,win,1,1,18,male
29854,7,win,0,5,19,female
29854,8,win,1,5,19,female
29854,9,win,1,20,19,female
29854,10,win,1,10,19,female
29854,11,win,1,10,19,female
29854,12,win,1,10,19,female
29854,13,win,1,10,19,female
29854,14,win,1,2,19,female
29854,15,win,1,40,19,female
29854,16,win,1,5,19,female
29854,17,win,1,5,19,female
29854,18,win,1,5,19,female
29854,19,win,1,5,19,female
29854,20,win,1,2,19,female
29854,21,win,1,10,19,female
29854,22,win,1,5,19,female
29854,23,win,1,1,19,female
29854,24,win,1,40,19,female
29854,25,win,1,2,19,female
29854,26,win,1,40,19,female
29854,27,win,1,20,19,female
29854,28,win,1,2,19,female
29854,29,win,1,2,19,female
29854,30,win,1,20,19,female
29854,31,win,1,5,19,female
29854,32,win,1,80,19,female
29854,33,win,1,20,19,female
29854,34,win,1,20,19,female
29854,35,win,1,2,19,female
29854,36,win,1,2,19,female
29854,37,win,1,20,19,female
29854,38,win,1,20,19,female
29854,39,win,1,20,19,female
29854,40,win,1,10,19,female
29854,41,win,1,1,19,female
29854,42,win,1,10,19,female
29854,43,win,1,80,19,female
29854,44,win,1,1,19,female
29854,45,win,1,2,19,female
29854,46,win,1,1,19,female
29854,47,win,1,40,19,female
29854,48,win,1,20,19,female
29854,49,win,1,1,19,female
29854,50,win,1,80,19,female
29854,51,win,1,1,19,female
29854,52,win,1,10,19,female
29854,53,win,1,20,19,female
29854,54,win,0,40,19,female
29854,55,win,0,2,19,female
29854,56,win,0,1,19,female
29854,57,win,0,10,19,female
29854,58,win,0,1,19,female
29854,59,win,0,5,19,female
29854,60,win,0,5,19,female
29854,61,win,1,80,19,female
29854,62,win,0,1,19,female
29854,63,win,0,2,19,female
29854,64,win,0,1,19,female
29854,65,win,1,80,19,female
29854,66,win,0,10,19,female
32149,67,win,1,10,18,female
32149,68,win,1,80,18,female
32149,69,win,1,20,18,female
32149,70,win,1,1,18,female
32149,71,win,1,2,18,female
32149,72,win,1,20,18,female
32149,73,win,1,20,18,female
32149,74,win,1,5,18,female
32149,75,win,1,2,18,female
32149,76,win,1,1,18,female
32149,77,win,1,5,18,female
32149,78,win,1,80,18,female
32149,79,win,1,80,18,female
32149,80,win,1,1,18,female
32149,81,win,1,1,18,female
32149,82,win,1,2,18,female
32149,83,win,1,5,18,female
32149,84,win,1,2,18,female
32149,85,win,1,1,18,female
32149,86,win,1,5,18,female
32149,87,win,1,5,18,female
32149,88,win,1,10,18,female
32149,89,win,1,10,18,female
32149,90,win,1,5,18,female
32149,91,win,1,20,18,female
32149,92,win,1,40,18,female
32149,93,win,1,10,18,female
32149,94,win,1,80,18,female
32149,95,win,1,40,18,female
32149,96,win,0,1,18,female
32149,97,win,1,2,18,female
32149,98,win,1,10,18,female
32149,99,win,0,40,18,female
32149,100,win,1,2,18,female
32149,101,win,1,10,18,female
32149,102,win,1,20,18,female
32149,103,win,1,2,18,female
32149,104,win,1,2,18,female
32149,105,win,1,20,18,female
32149,106,win,1,5,18,female
32149,107,win,1,80,18,female
32149,108,win,1,20,18,female
32149,109,win,1,2,18,female
32149,110,win,1,1,18,female
32149,111,win,1,10,18,female
32149,112,win,0,1,18,female
32149,113,win,1,1,18,female
32149,114,win,1,40,18,female
32149,115,win,1,5,18,female
32149,116,win,1,10,18,female
32149,117,win,1,5,18,female
32149,118,win,0,1,18,female
32149,119,win,1,5,18,female
32149,120,win,1,40,18,female
32149,121,win,1,10,18,female
32149,122,win,0,2,18,female
32149,123,win,1,20,18,female
32149,124,win,1,20,18,female
32149,125,win,1,10,18,female
32149,126,win,1,20,18,female
33606,67,win,1,10,18,female
33606,68,win,0,5,18,female
33606,69,win,0,2,18,female
33606,70,win,1,10,18,female
33606,71,win,0,20,18,female
33606,72,win,1,10,18,female
33606,73,win,1,1,18,female
33606,74,win,0,5,18,female
33606,75,win,0,1,18,female
33606,76,win,1,10,18,female
33606,77,win,0,5,18,female
33606,78,win,0,5,18,female
33606,79,win,0,10,18,female
33606,80,win,1,80,18,female
33606,81,win,0,2,18,female
33606,82,win,1,40,18,female
33606,83,win,1,1,18,female
33606,84,win,1,1,18,female
33606,85,win,0,1,18,female
33606,86,win,0,20,18,female
33606,87,win,0,10,18,female
33606,88,win,0,5,18,female
33606,89,win,1,2,18,female
33606,90,win,0,10,18,female
33606,91,win,1,1,18,female
33606,92,win,1,1,18,female
33606,93,win,0,1,18,female
33606,94,win,0,2,18,female
33606,95,win,1,20,18,female
33606,96,win,1,1,18,female
33606,97,win,0,40,18,female
33606,98,win,0,80,18,female
33606,99,win,1,5,18,female
33606,100,win,1,5,18,female
33606,101,win,1,2,18,female
33606,102,win,0,10,18,female
33606,103,win,0,2,18,female
33606,104,win,0,2,18,female
33606,105,win,1,2,18,female
33606,106,win,1,40,18,female
33606,107,win,0,5,18,female
33606,108,win,1,80,18,female
33606,109,win,0,80,18,female
33606,110,win,0,20,18,female
33606,111,win,1,10,18,female
33606,112,win,1,5,18,female
33606,113,win,0,20,18,female
33606,114,win,1,2,18,female
33606,115,win,1,10,18,female
33606,116,win,1,20,18,female
33606,117,win,0,20,18,female
33606,118,win,1,20,18,female
33606,119,win,1,80,18,female
33606,120,win,0,20,18,female
33606,121,win,0,40,18,female
33606,122,win,0,5,18,female
33606,123,win,0,2,18,female
33606,124,win,0,40,18,female
33606,125,win,1,20,18,female
33606,126,win,0,1,18,female
34478,67,win,1,20,19,female
34478,68,win,1,20,19,female
34478,69,win,0,40,19,female
34478,70,win,1,80,19,female
34478,71,win,0,2,19,female
34478,72,win,1,5,19,female
34478,73,win,1,20,19,female
34478,74,win,1,1,19,female
34478,75,win,1,20,19,female
34478,76,win,1,20,19,female
34478,77,win,0,1,19,female
34478,78,win,1,5,19,female
34478,79,win,1,80,19,female
34478,80,win,1,2,19,female
34478,81,win,1,2,19,female
34478,82,win,1,20,19,female
34478,83,win,1,20,19,female
34478,84,win,0,1,19,female
34478,85,win,0,2,19,female
34478,86,win,1,1,19,female
34478,87,win,0,10,19,female
34478,88,win,1,20,19,female
34478,89,win,0,20,19,female
34478,90,win,0,80,19,female
34478,91,win,1,40,19,female
34478,92,win,1,2,19,female
34478,93,win,0,2,19,female
34478,94,win,1,5,19,female
34478,95,win,1,40,19,female
34478,96,win,1,80,19,female
34478,97,win,1,2,19,female
34478,98,win,1,40,19,female
34478,99,win,1,5,19,female
34478,100,win,1,80,19,female
34478,101,win,0,5,19,female
34478,102,win,1,5,19,female
34478,103,win,1,10,19,female
34478,104,win,0,1,19,female
34478,105,win,1,2,19,female
34478,106,win,1,10,19,female
34478,107,win,0,2,19,female
34478,108,win,1,10,19,female
34478,109,win,0,1,19,female
34478,110,win,0,1,19,female
34478,111,win,1,10,19,female
34478,112,win,1,10,19,female
34478,113,win,0,10,19,female
34478,114,win,1,10,19,female
34478,115,win,0,1,19,female
34478,116,win,1,5,19,female
34478,117,win,0,5,19,female
34478,118,win,1,1,19,female
34478,119,win,1,40,19,female
34478,120,win,1,2,19,female
34478,121,win,0,5,19,female
34478,122,win,1,10,19,female
34478,123,win,1,10,19,female
34478,124,win,1,5,19,female
34478,125,win,1,1,19,female
34478,126,win,1,20,19,female
39427,67,win,1,5,21,male
39427,68,win,0,5,21,male
39427,69,win,1,1,21,male
39427,70,win,1,5,21,male
39427,71,win,1,80,21,male
39427,72,win,1,10,21,male
39427,73,win,1,5,21,male
39427,74,win,1,5,21,male
39427,75,win,1,1,21,male
39427,76,win,1,1,21,male
39427,77,win,1,1,21,male
39427,78,win,1,10,21,male
39427,79,win,0,40,21,male
39427,80,win,1,10,21,male
39427,81,win,1,10,21,male
39427,82,win,1,5,21,male
39427,83,win,1,10,21,male
39427,84,win,1,80,21,male
39427,85,win,1,2,21,male
39427,86,win,0,20,21,male
39427,87,win,0,40,21,male
39427,88,win,1,10,21,male
39427,89,win,1,20,21,male
39427,90,win,0,20,21,male
39427,91,win,0,80,21,male
39427,92,win,1,1,21,male
39427,93,win,1,2,21,male
39427,94,win,0,2,21,male
39427,95,win,1,1,21,male
39427,96,win,1,2,21,male
39427,97,win,1,5,21,male
39427,98,win,1,20,21,male
39427,99,win,1,20,21,male
39427,100,win,1,5,21,male
39427,101,win,1,20,21,male
39427,102,win,0,20,21,male
39427,103,win,1,2,21,male
39427,104,win,1,2,21,male
39427,105,win,1,2,21,male
39427,106,win,0,5,21,male
39427,107,win,1,2,21,male
39427,108,win,1,2,21,male
39427,109,win,1,40,21,male
39427,110,win,1,10,21,male
39427,111,win,0,40,21,male
39427,112,win,1,5,21,male
39427,113,win,1,1,21,male
39427,114,win,1,1,21,male
39427,115,win,1,1,21,male
39427,116,win,0,40,21,male
39427,117,win,1,80,21,male
39427,118,win,1,10,21,male
39427,119,win,1,20,21,male
39427,120,win,1,80,21,male
39427,121,win,1,20,21,male
39427,122,win,0,10,21,male
39427,123,win,1,10,21,male
39427,124,win,1,2,21,male
39427,125,win,1,20,21,male
39427,126,win,0,1,21,male
47185,67,win,1,10,19,other
47185,68,win,1,5,19,other
47185,69,win,1,40,19,other
47185,70,win,1,10,19,other
47185,71,win,1,80,19,other
47185,72,win,1,80,19,other
47185,73,win,1,5,19,other
47185,74,win,1,10,19,other
47185,75,win,1,80,19,other
47185,76,win,1,10,19,other
47185,77,win,1,1,19,other
47185,78,win,1,2,19,other
47185,79,win,1,20,19,other
47185,80,win,1,10,19,other
47185,81,win,1,20,19,other
47185,82,win,1,5,19,other
47185,83,win,1,1,19,other
47185,84,win,1,80,19,other
47185,85,win,1,40,19,other
47185,86,win,1,20,19,other
47185,87,win,1,10,19,other
47185,88,win,1,1,19,other
47185,89,win,1,2,19,other
47185,90,win,1,10,19,other
47185,91,win,1,5,19,other
47185,92,win,1,2,19,other
47185,93,win,1,40,19,other
47185,94,win,1,2,19,other
47185,95,win,1,2,19,other
47185,96,win,1,5,19,other
47185,97,win,1,20,19,other
47185,98,win,1,5,19,other
47185,99,win,1,5,19,other
47185,100,win,1,1,19,other
47185,101,win,1,2,19,other
47185,102,win,1,20,19,other
47185,103,win,1,2,19,other
47185,104,win,1,20,19,other
47185,105,win,1,20,19,other
47185,106,win,1,5,19,other
47185,107,win,1,20,19,other
47185,108,win,1,1,19,other
47185,109,win,1,1,19,other
47185,110,win,1,10,19,other
47185,111,win,1,2,19,other
47185,112,win,1,5,19,other
47185,113,win,1,40,19,other
47185,114,win,1,2,19,other
47185,115,win,1,40,19,other
47185,116,win,1,1,19,other
47185,117,win,1,2,19,other
47185,118,win,1,1,19,other
47185,119,win,1,20,19,other
47185,120,win,1,20,19,other
47185,121,win,1,1,19,other
47185,122,win,1,1,19,other
47185,123,win,1,10,19,other
47185,124,win,1,10,19,other
47185,125,win,1,80,19,other
47185,126,win,1,5,19,other
48452,7,win,1,20,23,female
48452,8,win,1,2,23,female
48452,9,win,0,40,23,female
48452,10,win,1,40,23,female
48452,11,win,1,5,23,female
48452,12,win,1,10,23,female
48452,13,win,1,1,23,female
48452,14,win,1,1,23,female
48452,15,win,1,1,23,female
48452,16,win,1,5,23,female
48452,17,win,1,2,23,female
48452,18,win,0,40,23,female
48452,19,win,1,10,23,female
48452,20,win,1,2,23,female
48452,21,win,1,10,23,female
48452,22,win,0,80,23,female
48452,23,win,1,80,23,female
48452,24,win,1,20,23,female
48452,25,win,1,2,23,female
48452,26,win,1,10,23,female
48452,27,win,1,2,23,female
48452,28,win,1,10,23,female
48452,29,win,0,20,23,female
48452,30,win,1,10,23,female
48452,31,win,1,1,23,female
48452,32,win,1,5,23,female
48452,33,win,0,80,23,female
48452,34,win,0,80,23,female
48452,35,win,1,5,23,female
48452,36,win,0,40,23,female
48452,37,win,1,20,23,female
48452,38,win,0,80,23,female
48452,39,win,1,10,23,female
48452,40,win,1,1,23,female
48452,41,win,1,1,23,female
48452,42,win,1,2,23,female
48452,43,win,1,1,23,female
48452,44,win,1,2,23,female
48452,45,win,1,1,23,female
48452,46,win,1,2,23,female
48452,47,win,1,40,23,female
48452,48,win,1,10,23,female
48452,49,win,1,5,23,female
48452,50,win,1,5,23,female
48452,51,win,1,1,23,female
48452,52,win,1,10,23,female
48452,53,win,1,20,23,female
48452,54,win,1,20,23,female
48452,55,win,1,1,23,female
48452,56,win,1,2,23,female
48452,57,win,0,20,23,female
48452,58,win,1,2,23,female
48452,59,win,1,5,23,female
48452,60,win,1,5,23,female
48452,61,win,1,20,23,female
48452,62,win,1,20,23,female
48452,63,win,1,5,23,female
48452,64,win,1,5,23,female
48452,65,win,1,10,23,female
48452,66,win,1,20,23,female
50634,67,win,1,40,21,female
50634,68,win,0,2,21,female
50634,69,win,1,2,21,female
50634,70,win,1,1,21,female
50634,71,win,1,10,21,female
50634,72,win,1,80,21,female
50634,73,win,1,20,21,female
50634,74,win,1,40,21,female
50634,75,win,1,5,21,female
50634,76,win,1,1,21,female
50634,77,win,1,80,21,female
50634,78,win,1,20,21,female
50634,79,win,0,1,21,female
50634,80,win,1,40,21,female
50634,81,win,1,80,21,female
50634,82,win,1,5,21,female
50634,83,win,1,20,21,female
50634,84,win,0,1,21,female
50634,85,win,1,5,21,female
50634,86,win,0,20,21,female
50634,87,win,1,10,21,female
50634,88,win,0,1,21,female
50634,89,win,1,2,21,female
50634,90,win,1,2,21,female
50634,91,win,1,1,21,female
50634,92,win,1,20,21,female
50634,93,win,1,5,21,female
50634,94,win,1,1,21,female
50634,95,win,1,5,21,female
50634,96,win,1,10,21,female
50634,97,win,1,40,21,female
50634,98,win,1,80,21,female
50634,99,win,0,20,21,female
50634,100,win,1,80,21,female
50634,101,win,1,2,21,female
50634,102,win,1,10,21,female
50634,103,win,1,5,21,female
50634,104,win,1,5,21,female
50634,105,win,1,10,21,female
50634,106,win,0,20,21,female
50634,107,win,1,10,21,female
50634,108,win,1,2,21,female
50634,109,win,1,2,21,female
50634,110,win,1,1,21,female
50634,111,win,1,10,21,female
50634,112,win,1,1,21,female
50634,113,win,1,1,21,female
50634,114,win,0,20,21,female
50634,115,win,0,10,21,female
50634,116,win,0,10,21,female
50634,117,win,1,20,21,female
50634,118,win,1,5,21,female
50634,119,win,1,5,21,female
50634,120,win,1,20,21,female
50634,121,win,1,10,21,female
50634,122,win,1,40,21,female
50634,123,win,1,2,21,female
50634,124,win,1,5,21,female
50634,125,win,1,2,21,female
50634,126,win,1,2,21,female
59475,67,win,1,10,18,male
59475,68,win,1,2,18,male
59475,69,win,1,5,18,male
59475,70,win,1,2,18,male
59475,71,win,1,5,18,male
59475,72,win,1,1,18,male
59475,73,win,1,10,18,male
59475,74,win,1,5,18,male
59475,75,win,0,40,18,male
59475,76,win,1,40,18,male
59475,77,win,1,1,18,male
59475,78,win,0,40,18,male
59475,79,win,1,20,18,male
59475,80,win,1,2,18,male
59475,81,win,1,5,18,male
59475,82,win,1,5,18,male
59475,83,win,0,1,18,male
59475,84,win,1,20,18,male
59475,85,win,1,2,18,male
59475,86,win,1,10,18,male
59475,87,win,1,10,18,male
59475,88,win,1,20,18,male
59475,89,win,1,80,18,male
59475,90,win,0,20,18,male
59475,91,win,0,80,18,male
59475,92,win,1,10,18,male
59475,93,win,0,10,18,male
59475,94,win,1,5,18,male
59475,95,win,1,1,18,male
59475,96,win,1,20,18,male
59475,97,win,1,5,18,male
59475,98,win,0,1,18,male
59475,99,win,0,20,18,male
59475,100,win,0,80,18,male
59475,101,win,1,80,18,male
59475,102,win,1,5,18,male
59475,103,win,0,10,18,male
59475,104,win,1,40,18,male
59475,105,win,0,1,18,male
59475,106,win,1,2,18,male
59475,107,win,1,1,18,male
59475,108,win,1,80,18,male
59475,109,win,1,20,18,male
59475,110,win,1,2,18,male
59475,111,win,1,5,18,male
59475,112,win,0,1,18,male
59475,113,win,0,20,18,male
59475,114,win,1,2,18,male
59475,115,win,1,40,18,male
59475,116,win,1,10,18,male
59475,117,win,1,5,18,male
59475,118,win,0,20,18,male
59475,119,win,1,2,18,male
59475,120,win,1,10,18,male
59475,121,win,1,2,18,male
59475,122,win,1,10,18,male
59475,123,win,0,2,18,male
59475,124,win,0,1,18,male
59475,125,win,0,1,18,male
59475,126,win,1,20,18,male
61313,7,win,1,20,18,female
61313,8,win,1,40,18,female
61313,9,win,0,10,18,female
61313,10,win,1,2,18,female
61313,11,win,1,5,18,female
61313,12,win,1,5,18,female
61313,13,win,1,2,18,female
61313,14,win,1,20,18,female
61313,15,win,1,40,18,female
61313,16,win,1,20,18,female
61313,17,win,1,80,18,female
61313,18,win,1,10,18,female
61313,19,win,1,1,18,female
61313,20,win,1,80,18,female
61313,21,win,0,80,18,female
61313,22,win,0,2,18,female
61313,23,win,0,1,18,female
61313,24,win,0,10,18,female
61313,25,win,0,5,18,female
61313,26,win,0,1,18,female
61313,27,win,0,1,18,female
61313,28,win,1,2,18,female
61313,29,win,1,10,18,female
61313,30,win,1,20,18,female
61313,31,win,0,40,18,female
61313,32,win,0,1,18,female
61313,33,win,1,10,18,female
61313,34,win,1,5,18,female
61313,35,win,1,2,18,female
61313,36,win,1,40,18,female
61313,37,win,1,2,18,female
61313,38,win,1,40,18,female
61313,39,win,1,80,18,female
61313,40,win,1,1,18,female
61313,41,win,1,10,18,female
61313,42,win,1,5,18,female
61313,43,win,1,2,18,female
61313,44,win,1,20,18,female
61313,45,win,1,5,18,female
61313,46,win,1,10,18,female
61313,47,win,1,2,18,female
61313,48,win,1,20,18,female
61313,49,win,1,1,18,female
61313,50,win,1,5,18,female
61313,51,win,1,10,18,female
61313,52,win,1,1,18,female
61313,53,win,1,20,18,female
61313,54,win,0,2,18,female
61313,55,win,1,20,18,female
61313,56,win,0,10,18,female
61313,57,win,1,5,18,female
61313,58,win,1,20,18,female
61313,59,win,1,5,18,female
61313,60,win,0,5,18,female
61313,61,win,0,1,18,female
61313,62,win,0,1,18,female
61313,63,win,1,10,18,female
61313,64,win,0,80,18,female
61313,65,win,1,20,18,female
61313,66,win,0,2,18,female
61532,67,win,1,80,18,female
61532,68,win,0,10,18,female
61532,69,win,1,5,18,female
61532,70,win,1,5,18,female
61532,71,win,1,80,18,female
61532,72,win,0,80,18,female
61532,73,win,1,1,18,female
61532,74,win,1,5,18,female
61532,75,win,1,5,18,female
61532,76,win,0,2,18,female
61532,77,win,1,40,18,female
61532,78,win,0,20,18,female
61532,79,win,1,2,18,female
61532,80,win,1,2,18,female
61532,81,win,1,80,18,female
61532,82,win,0,1,18,female
61532,83,win,1,10,18,female
61532,84,win,1,1,18,female
61532,85,win,0,20,18,female
61532,86,win,1,10,18,female
61532,87,win,1,1,18,female
61532,88,win,0,5,18,female
61532,89,win,1,40,18,female
61532,90,win,1,2,18,female
61532,91,win,1,1,18,female
61532,92,win,1,20,18,female
61532,93,win,1,5,18,female
61532,94,win,0,5,18,female
61532,95,win,1,10,18,female
61532,96,win,0,10,18,female
61532,97,win,1,2,18,female
61532,98,win,0,20,18,female
61532,99,win,0,40,18,female
61532,100,win,1,1,18,female
61532,101,win,1,1,18,female
61532,102,win,1,10,18,female
61532,103,win,1,1,18,female
61532,104,win,0,20,18,female
61532,105,win,1,2,18,female
61532,106,win,0,5,18,female
61532,107,win,1,20,18,female
61532,108,win,1,1,18,female
61532,109,win,0,10,18,female
61532,110,win,0,40,18,female
61532,111,win,1,80,18,female
61532,112,win,1,2,18,female
61532,113,win,0,10,18,female
61532,114,win,1,2,18,female
61532,115,win,0,5,18,female
61532,116,win,0,20,18,female
61532,117,win,1,2,18,female
61532,118,win,0,20,18,female
61532,119,win,1,5,18,female
61532,120,win,1,10,18,female
61532,121,win,0,20,18,female
61532,122,win,0,20,18,female
61532,123,win,1,10,18,female
61532,124,win,1,2,18,female
61532,125,win,1,1,18,female
61532,126,win,0,40,18,female
61807,7,win,1,10,22,female
61807,8,win,1,10,22,female
61807,9,win,0,5,22,female
61807,10,win,1,2,22,female
61807,11,win,0,80,22,female
61807,12,win,1,40,22,female
61807,13,win,0,1,22,female
61807,14,win,0,5,22,female
61807,15,win,0,10,22,female
61807,16,win,0,5,22,female
61807,17,win,1,80,22,female
61807,18,win,0,1,22,female
61807,19,win,0,10,22,female
61807,20,win,1,40,22,female
61807,21,win,0,2,22,female
61807,22,win,0,1,22,female
61807,23,win,1,10,22,female
61807,24,win,0,1,22,female
61807,25,win,1,20,22,female
61807,26,win,0,10,22,female
61807,27,win,1,80,22,female
61807,28,win,0,5,22,female
61807,29,win,0,5,22,female
61807,30,win,1,20,22,female
61807,31,win,0,5,22,female
61807,32,win,0,2,22,female
61807,33,win,0,2,22,female
61807,34,win,0,1,22,female
61807,35,win,0,5,22,female
61807,36,win,1,20,22,female
61807,37,win,1,20,22,female
61807,38,win,0,2,22,female
61807,39,win,0,1,22,female
61807,40,win,1,2,22,female
61807,41,win,0,1,22,female
61807,42,win,0,1,22,female
61807,43,win,1,40,22,female
61807,44,win,0,1,22,female
61807,45,win,0,10,22,female
61807,46,win,1,20,22,female
61807,47,win,1,20,22,female
61807,48,win,0,2,22,female
61807,49,win,0,5,22,female
61807,50,win,0,2,22,female
61807,51,win,0,20,22,female
61807,52,win,1,80,22,female
61807,53,win,0,10,22,female
61807,54,win,0,2,22,female
61807,55,win,0,1,22,female
61807,56,win,0,20,22,female
61807,57,win,1,20,22,female
61807,58,win,0,20,22,female
61807,59,win,1,10,22,female
61807,60,win,1,40,22,female
61807,61,win,0,5,22,female
61807,62,win,1,80,22,female
61807,63,win,0,2,22,female
61807,64,win,0,10,22,female
61807,65,win,0,5,22,female
61807,66,win,1,40,22,female
61930,67,win,1,5,18,female
61930,68,win,0,40,18,female
61930,69,win,1,5,18,female
61930,70,win,1,80,18,female
61930,71,win,1,2,18,female
61930,72,win,1,1,18,female
61930,73,win,1,40,18,female
61930,74,win,1,20,18,female
61930,75,win,1,20,18,female
61930,76,win,1,2,18,female
61930,77,win,0,80,18,female
61930,78,win,1,2,18,female
61930,79,win,1,20,18,female
61930,80,win,1,10,18,female
61930,81,win,1,20,18,female
61930,82,win,0,10,18,female
61930,83,win,0,20,18,female
61930,84,win,1,10,18,female
61930,85,win,1,10,18,female
61930,86,win,0,5,18,female
61930,87,win,1,10,18,female
61930,88,win,1,1,18,female
61930,89,win,1,40,18,female
61930,90,win,1,40,18,female
61930,91,win,0,5,18,female
61930,92,win,1,1,18,female
61930,93,win,0,2,18,female
61930,94,win,1,5,18,female
61930,95,win,1,2,18,female
61930,96,win,1,10,18,female
61930,97,win,0,80,18,female
61930,98,win,0,20,18,female
61930,99,win,0,1,18,female
61930,100,win,0,5,18,female
61930,101,win,1,2,18,female
61930,102,win,1,10,18,female
61930,103,win,0,5,18,female
61930,104,win,0,2,18,female
61930,105,win,0,1,18,female
61930,106,win,0,10,18,female
61930,107,win,1,2,18,female
61930,108,win,0,1,18,female
61930,109,win,0,1,18,female
61930,110,win,0,80,18,female
61930,111,win,0,40,18,female
61930,112,win,1,10,18,female
61930,113,win,1,2,18,female
61930,114,win,0,1,18,female
61930,115,win,0,1,18,female
61930,116,win,0,5,18,female
61930,117,win,0,20,18,female
61930,118,win,1,80,18,female
61930,119,win,0,2,18,female
61930,120,win,0,1,18,female
61930,121,win,0,10,18,female
61930,122,win,0,5,18,female
61930,123,win,1,5,18,female
61930,124,win,1,20,18,female
61930,125,win,1,20,18,female
61930,126,win,0,20,18,female
66740,7,win,0,20,19,female
66740,8,win,1,20,19,female
66740,9,win,0,2,19,female
66740,10,win,0,1,19,female
66740,11,win,0,20,19,female
66740,12,win,0,1,19,female
66740,13,win,0,40,19,female
66740,14,win,0,2,19,female
66740,15,win,0,10,19,female
66740,16,win,0,2,19,female
66740,17,win,0,80,19,female
66740,18,win,0,1,19,female
66740,19,win,0,10,19,female
66740,20,win,0,1,19,female
66740,21,win,0,5,19,female
66740,22,win,0,2,19,female
66740,23,win,0,1,19,female
66740,24,win,0,5,19,female
66740,25,win,0,5,19,female
66740,26,win,0,80,19,female
66740,27,win,0,20,19,female
66740,28,win,0,1,19,female
66740,29,win,0,40,19,female
66740,30,win,0,1,19,female
66740,31,win,0,40,19,female
66740,32,win,0,20,19,female
66740,33,win,0,10,19,female
66740,34,win,0,10,19,female
66740,35,win,0,80,19,female
66740,36,win,0,10,19,female
66740,37,win,0,2,19,female
66740,38,win,1,5,19,female
66740,39,win,0,10,19,female
66740,40,win,0,20,19,female
66740,41,win,0,5,19,female
66740,42,win,0,5,19,female
66740,43,win,0,5,19,female
66740,44,win,0,80,19,female
66740,45,win,0,20,19,female
66740,46,win,0,40,19,female
66740,47,win,0,10,19,female
66740,48,win,0,20,19,female
66740,49,win,0,10,19,female
66740,50,win,0,2,19,female
66740,51,win,0,2,19,female
66740,52,win,0,2,19,female
66740,53,win,0,2,19,female
66740,54,win,0,1,19,female
66740,55,win,0,5,19,female
66740,56,win,0,10,19,female
66740,57,win,0,10,19,female
66740,58,win,0,80,19,female
66740,59,win,0,40,19,female
66740,60,win,0,1,19,female
66740,61,win,0,20,19,female
66740,62,win,0,5,19,female
66740,63,win,0,1,19,female
66740,64,win,0,2,19,female
66740,65,win,0,20,19,female
66740,66,win,0,5,19,female
67709,67,win,0,80,18,female
67709,68,win,0,5,18,female
67709,69,win,0,5,18,female
67709,70,win,0,2,18,female
67709,71,win,0,10,18,female
67709,72,win,0,1,18,female
67709,73,win,0,10,18,female
67709,74,win,0,1,18,female
67709,75,win,0,1,18,female
67709,76,win,0,2,18,female
67709,77,win,1,10,18,female
67709,78,win,0,80,18,female
67709,79,win,0,5,18,female
67709,80,win,1,10,18,female
67709,81,win,0,20,18,female
67709,82,win,0,10,18,female
67709,83,win,0,5,18,female
67709,84,win,1,40,18,female
67709,85,win,0,10,18,female
67709,86,win,0,20,18,female
67709,87,win,0,20,18,female
67709,88,win,0,1,18,female
67709,89,win,0,2,18,female
67709,90,win,1,40,18,female
67709,91,win,0,1,18,female
67709,92,win,0,5,18,female
67709,93,win,1,20,18,female
67709,94,win,0,20,18,female
67709,95,win,0,10,18,female
67709,96,win,0,2,18,female
67709,97,win,0,5,18,female
67709,98,win,0,5,18,female
67709,99,win,1,2,18,female
67709,100,win,0,2,18,female
67709,101,win,0,40,18,female
67709,102,win,0,1,18,female
67709,103,win,1,1,18,female
67709,104,win,1,10,18,female
67709,105,win,0,10,18,female
67709,106,win,0,2,18,female
67709,107,win,1,40,18,female
67709,108,win,0,1,18,female
67709,109,win,1,1,18,female
67709,110,win,0,2,18,female
67709,111,win,1,5,18,female
67709,112,win,0,40,18,female
67709,113,win,0,10,18,female
67709,114,win,0,5,18,female
67709,115,win,0,1,18,female
67709,116,win,0,20,18,female
67709,117,win,0,2,18,female
67709,118,win,0,20,18,female
67709,119,win,0,80,18,female
67709,120,win,0,20,18,female
67709,121,win,1,80,18,female
67709,122,win,0,5,18,female
67709,123,win,0,2,18,female
67709,124,win,0,20,18,female
67709,125,win,0,80,18,female
67709,126,win,1,20,18,female
68830,7,win,1,1,18,female
68830,8,win,0,5,18,female
68830,9,win,0,1,18,female
68830,10,win,1,20,18,female
68830,11,win,0,20,18,female
68830,12,win,1,5,18,female
68830,13,win,1,5,18,female
68830,14,win,1,10,18,female
68830,15,win,1,2,18,female
68830,16,win,0,10,18,female
68830,17,win,1,20,18,female
68830,18,win,1,5,18,female
68830,19,win,0,1,18,female
68830,20,win,0,5,18,female
68830,21,win,0,2,18,female
68830,22,win,0,2,18,female
68830,23,win,0,1,18,female
68830,24,win,1,20,18,female
68830,25,win,1,5,18,female
68830,26,win,0,20,18,female
68830,27,win,1,40,18,female
68830,28,win,1,1,18,female
68830,29,win,1,2,18,female
68830,30,win,0,1,18,female
68830,31,win,1,10,18,female
68830,32,win,1,10,18,female
68830,33,win,0,2,18,female
68830,34,win,1,10,18,female
68830,35,win,1,40,18,female
68830,36,win,1,2,18,female
68830,37,win,1,2,18,female
68830,38,win,0,5,18,female
68830,39,win,1,40,18,female
68830,40,win,1,10,18,female
68830,41,win,1,10,18,female
68830,42,win,1,5,18,female
68830,43,win,1,80,18,female
68830,44,win,0,1,18,female
68830,45,win,1,80,18,female
68830,46,win,1,10,18,female
68830,47,win,0,40,18,female
68830,48,win,1,40,18,female
68830,49,win,1,2,18,female
68830,50,win,1,10,18,female
68830,51,win,0,1,18,female
68830,52,win,0,5,18,female
68830,53,win,1,20,18,female
68830,54,win,0,1,18,female
68830,55,win,0,10,18,female
68830,56,win,1,20,18,female
68830,57,win,1,80,18,female
68830,58,win,1,2,18,female
68830,59,win,1,20,18,female
68830,60,win,1,20,18,female
68830,61,win,1,20,18,female
68830,62,win,1,80,18,female
68830,63,win,0,1,18,female
68830,64,win,0,80,18,female
68830,65,win,1,2,18,female
68830,66,win,1,5,18,female
72048,67,win,1,40,18,male
72048,68,win,1,10,18,male
72048,69,win,1,2,18,male
72048,70,win,1,5,18,male
72048,71,win,1,1,18,male
72048,72,win,1,10,18,male
72048,73,win,1,2,18,male
72048,74,win,1,2,18,male
72048,75,win,1,80,18,male
72048,76,win,1,20,18,male
72048,77,win,1,5,18,male
72048,78,win,1,80,18,male
72048,79,win,1,10,18,male
72048,80,win,1,5,18,male
72048,81,win,1,10,18,male
72048,82,win,1,20,18,male
72048,83,win,1,2,18,male
72048,84,win,1,20,18,male
72048,85,win,0,1,18,male
72048,86,win,1,2,18,male
72048,87,win,1,5,18,male
72048,88,win,1,1,18,male
72048,89,win,1,20,18,male
72048,90,win,1,80,18,male
72048,91,win,1,1,18,male
72048,92,win,1,2,18,male
72048,93,win,1,5,18,male
72048,94,win,1,1,18,male
72048,95,win,1,20,18,male
72048,96,win,1,1,18,male
72048,97,win,1,20,18,male
72048,98,win,1,5,18,male
72048,99,win,1,40,18,male
72048,100,win,1,1,18,male
72048,101,win,1,1,18,male
72048,102,win,1,80,18,male
72048,103,win,1,10,18,male
72048,104,win,1,5,18,male
72048,105,win,1,10,18,male
72048,106,win,1,2,18,male
72048,107,win,1,10,18,male
72048,108,win,1,20,18,male
72048,109,win,1,10,18,male
72048,110,win,1,5,18,male
72048,111,win,1,80,18,male
72048,112,win,1,5,18,male
72048,113,win,1,5,18,male
72048,114,win,1,40,18,male
72048,115,win,1,40,18,male
72048,116,win,1,20,18,male
72048,117,win,1,20,18,male
72048,118,win,1,1,18,male
72048,119,win,1,2,18,male
72048,120,win,1,20,18,male
72048,121,win,1,10,18,male
72048,122,win,1,2,18,male
72048,123,win,1,40,18,male
72048,124,win,1,1,18,male
72048,125,win,1,10,18,male
72048,126,win,1,2,18,male
73152,67,win,1,5,19,male
73152,68,win,1,5,19,male
73152,69,win,1,2,19,male
73152,70,win,1,1,19,male
73152,71,win,1,2,19,male
73152,72,win,1,20,19,male
73152,73,win,1,80,19,male
73152,74,win,1,2,19,male
73152,75,win,1,10,19,male
73152,76,win,0,20,19,male
73152,77,win,0,80,19,male
73152,78,win,0,10,19,male
73152,79,win,0,1,19,male
73152,80,win,0,5,19,male
73152,81,win,1,40,19,male
73152,82,win,1,1,19,male
73152,83,win,0,10,19,male
73152,84,win,0,20,19,male
73152,85,win,0,1,19,male
73152,86,win,1,5,19,male
73152,87,win,1,40,19,male
73152,88,win,0,2,19,male
73152,89,win,1,1,19,male
73152,90,win,1,2,19,male
73152,91,win,1,10,19,male
73152,92,win,0,40,19,male
73152,93,win,0,2,19,male
73152,94,win,1,2,19,male
73152,95,win,0,5,19,male
73152,96,win,1,40,19,male
73152,97,win,0,1,19,male
73152,98,win,0,80,19,male
73152,99,win,0,1,19,male
73152,100,win,0,1,19,male
73152,101,win,0,10,19,male
73152,102,win,0,10,19,male
73152,103,win,0,2,19,male
73152,104,win,1,2,19,male
73152,105,win,1,40,19,male
73152,106,win,0,80,19,male
73152,107,win,0,20,19,male
73152,108,win,1,80,19,male
73152,109,win,1,10,19,male
73152,110,win,0,10,19,male
73152,111,win,1,20,19,male
73152,112,win,1,10,19,male
73152,113,win,1,5,19,male
73152,114,win,1,1,19,male
73152,115,win,1,5,19,male
73152,116,win,0,20,19,male
73152,117,win,0,20,19,male
73152,118,win,0,5,19,male
73152,119,win,0,5,19,male
73152,120,win,1,20,19,male
73152,121,win,1,5,19,male
73152,122,win,0,10,19,male
73152,123,win,0,20,19,male
73152,124,win,0,1,19,male
73152,125,win,1,20,19,male
73152,126,win,1,2,19,male
74922,67,win,1,20,19,female
74922,68,win,1,5,19,female
74922,69,win,1,20,19,female
74922,70,win,1,5,19,female
74922,71,win,1,1,19,female
74922,72,win,1,5,19,female
74922,73,win,1,80,19,female
74922,74,win,1,5,19,female
74922,75,win,1,80,19,female
74922,76,win,1,20,19,female
74922,77,win,0,2,19,female
74922,78,win,0,10,19,female
74922,79,win,1,2,19,female
74922,80,win,1,40,19,female
74922,81,win,1,10,19,female
74922,82,win,1,20,19,female
74922,83,win,1,80,19,female
74922,84,win,0,20,19,female
74922,85,win,0,2,19,female
74922,86,win,0,2,19,female
74922,87,win,0,10,19,female
74922,88,win,0,5,19,female
74922,89,win,0,1,19,female
74922,90,win,1,40,19,female
74922,91,win,0,10,19,female
74922,92,win,1,1,19,female
74922,93,win,0,1,19,female
74922,94,win,0,10,19,female
74922,95,win,1,10,19,female
74922,96,win,0,20,19,female
74922,97,win,1,20,19,female
74922,98,win,1,40,19,female
74922,99,win,0,10,19,female
74922,100,win,1,10,19,female
74922,101,win,1,40,19,female
74922,102,win,1,1,19,female
74922,103,win,1,40,19,female
74922,104,win,0,2,19,female
74922,105,win,0,1,19,female
74922,106,win,1,2,19,female
74922,107,win,0,80,19,female
74922,108,win,1,5,19,female
74922,109,win,1,80,19,female
74922,110,win,0,2,19,female
74922,111,win,0,5,19,female
74922,112,win,0,20,19,female
74922,113,win,0,1,19,female
74922,114,win,0,1,19,female
74922,115,win,0,2,19,female
74922,116,win,0,20,19,female
74922,117,win,0,2,19,female
74922,118,win,1,20,19,female
74922,119,win,1,5,19,female
74922,120,win,1,1,19,female
74922,121,win,1,5,19,female
74922,122,win,0,1,19,female
74922,123,win,0,10,19,female
74922,124,win,1,2,19,female
74922,125,win,0,5,19,female
74922,126,win,0,10,19,female
75830,7,win,0,10,21,female
75830,8,win,1,80,21,female
75830,9,win,0,40,21,female
75830,10,win,0,2,21,female
75830,11,win,1,10,21,female
75830,12,win,1,20,21,female
75830,13,win,1,2,21,female
75830,14,win,1,5,21,female
75830,15,win,0,20,21,female
75830,16,win,1,20,21,female
75830,17,win,0,1,21,female
75830,18,win,0,1,21,female
75830,19,win,0,20,21,female
75830,20,win,0,20,21,female
75830,21,win,0,40,21,female
75830,22,win,0,1,21,female
75830,23,win,0,2,21,female
75830,24,win,0,1,21,female
75830,25,win,0,1,21,female
75830,26,win,0,2,21,female
75830,27,win,0,20,21,female
75830,28,win,1,10,21,female
75830,29,win,1,10,21,female
75830,30,win,0,40,21,female
75830,31,win,1,40,21,female
75830,32,win,0,20,21,female
75830,33,win,1,5,21,female
75830,34,win,1,10,21,female
75830,35,win,0,5,21,female
75830,36,win,0,40,21,female
75830,37,win,0,2,21,female
75830,38,win,1,20,21,female
75830,39,win,1,1,21,female
75830,40,win,0,5,21,female
75830,41,win,1,10,21,female
75830,42,win,0,80,21,female
75830,43,win,1,5,21,female
75830,44,win,1,2,21,female
75830,45,win,1,5,21,female
75830,46,win,1,80,21,female
75830,47,win,1,2,21,female
75830,48,win,1,20,21,female
75830,49,win,1,10,21,female
75830,50,win,0,20,21,female
75830,51,win,0,10,21,female
75830,52,win,1,5,21,female
75830,53,win,0,5,21,female
75830,54,win,0,1,21,female
75830,55,win,1,80,21,female
75830,56,win,0,1,21,female
75830,57,win,0,1,21,female
75830,58,win,0,10,21,female
75830,59,win,0,5,21,female
75830,60,win,0,10,21,female
75830,61,win,1,2,21,female
75830,62,win,1,2,21,female
75830,63,win,1,80,21,female
75830,64,win,0,1,21,female
75830,65,win,1,5,21,female
75830,66,win,0,2,21,female
78083,7,win,0,20,18,female
78083,8,win,0,2,18,female
78083,9,win,0,10,18,female
78083,10,win,1,40,18,female
78083,11,win,1,2,18,female
78083,12,win,0,80,18,female
78083,13,win,1,1,18,female
78083,14,win,1,10,18,female
78083,15,win,1,5,18,female
78083,16,win,0,20,18,female
78083,17,win,1,5,18,female
78083,18,win,1,5,18,female
78083,19,win,1,20,18,female
78083,20,win,1,2,18,female
78083,21,win,1,5,18,female
78083,22,win,0,1,18,female
78083,23,win,0,40,18,female
78083,24,win,1,20,18,female
78083,25,win,1,1,18,female
78083,26,win,1,5,18,female
78083,27,win,1,80,18,female
78083,28,win,0,20,18,female
78083,29,win,0,10,18,female
78083,30,win,0,1,18,female
78083,31,win,1,5,18,female
78083,32,win,1,2,18,female
78083,33,win,0,20,18,female
78083,34,win,0,1,18,female
78083,35,win,0,10,18,female
78083,36,win,0,80,18,female
78083,37,win,0,1,18,female
78083,38,win,1,2,18,female
78083,39,win,1,40,18,female
78083,40,win,1,20,18,female
78083,41,win,1,10,18,female
78083,42,win,0,40,18,female
78083,43,win,1,2,18,female
78083,44,win,0,2,18,female
78083,45,win,1,40,18,female
78083,46,win,1,10,18,female
78083,47,win,1,80,18,female
78083,48,win,1,1,18,female
78083,49,win,1,20,18,female
78083,50,win,0,20,18,female
78083,51,win,0,2,18,female
78083,52,win,0,10,18,female
78083,53,win,0,5,18,female
78083,54,win,1,20,18,female
78083,55,win,1,5,18,female
78083,56,win,1,10,18,female
78083,57,win,1,2,18,female
78083,58,win,0,5,18,female
78083,59,win,1,10,18,female
78083,60,win,0,1,18,female
78083,61,win,1,80,18,female
78083,62,win,1,1,18,female
78083,63,win,1,2,18,female
78083,64,win,1,5,18,female
78083,65,win,0,1,18,female
78083,66,win,1,10,18,female
82457,7,win,1,20,18,female
82457,8,win,0,20,18,female
82457,9,win,1,5,18,female
82457,10,win,1,2,18,female
82457,11,win,1,40,18,female
82457,12,win,1,20,18,female
82457,13,win,0,1,18,female
82457,14,win,0,80,18,female
82457,15,win,1,20,18,female
82457,16,win,1,80,18,female
82457,17,win,0,2,18,female
82457,18,win,1,1,18,female
82457,19,win,1,1,18,female
82457,20,win,1,10,18,female
82457,21,win,1,40,18,female
82457,22,win,1,10,18,female
82457,23,win,0,1,18,female
82457,24,win,0,5,18,female
82457,25,win,1,20,18,female
82457,26,win,1,80,18,female
82457,27,win,1,20,18,female
82457,28,win,1,1,18,female
82457,29,win,0,40,18,female
82457,30,win,1,2,18,female
82457,31,win,1,10,18,female
82457,32,win,1,5,18,female
82457,33,win,0,20,18,female
82457,34,win,1,10,18,female
82457,35,win,1,20,18,female
82457,36,win,1,40,18,female
82457,37,win,1,10,18,female
82457,38,win,1,2,18,female
82457,39,win,1,20,18,female
82457,40,win,1,10,18,female
82457,41,win,1,1,18,female
82457,42,win,1,2,18,female
82457,43,win,1,5,18,female
82457,44,win,1,1,18,female
82457,45,win,0,5,18,female
82457,46,win,0,80,18,female
82457,47,win,1,5,18,female
82457,48,win,1,5,18,female
82457,49,win,1,10,18,female
82457,50,win,1,10,18,female
82457,51,win,1,1,18,female
82457,52,win,1,1,18,female
82457,53,win,1,2,18,female
82457,54,win,1,10,18,female
82457,55,win,0,2,18,female
82457,56,win,1,2,18,female
82457,57,win,1,5,18,female
82457,58,win,1,40,18,female
82457,59,win,0,2,18,female
82457,60,win,1,5,18,female
82457,61,win,0,20,18,female
82457,62,win,1,1,18,female
82457,63,win,1,2,18,female
82457,64,win,0,5,18,female
82457,65,win,0,80,18,female
82457,66,win,1,10,18,female
87435,7,win,0,1,18,female
87435,8,win,1,20,18,female
87435,9,win,0,1,18,female
87435,10,win,0,5,18,female
87435,11,win,0,80,18,female
87435,12,win,0,20,18,female
87435,13,win,1,10,18,female
87435,14,win,1,20,18,female
87435,15,win,0,1,18,female
87435,16,win,0,40,18,female
87435,17,win,1,20,18,female
87435,18,win,1,1,18,female
87435,19,win,0,10,18,female
87435,20,win,1,2,18,female
87435,21,win,1,10,18,female
87435,22,win,0,2,18,female
87435,23,win,1,2,18,female
87435,24,win,1,20,18,female
87435,25,win,1,5,18,female
87435,26,win,0,20,18,female
87435,27,win,0,20,18,female
87435,28,win,0,2,18,female
87435,29,win,1,2,18,female
87435,30,win,0,5,18,female
87435,31,win,0,10,18,female
87435,32,win,0,20,18,female
87435,33,win,0,2,18,female
87435,34,win,1,40,18,female
87435,35,win,1,5,18,female
87435,36,win,1,5,18,female
87435,37,win,1,1,18,female
87435,38,win,1,1,18,female
87435,39,win,1,5,18,female
87435,40,win,1,80,18,female
87435,41,win,1,80,18,female
87435,42,win,0,5,18,female
87435,43,win,0,5,18,female
87435,44,win,1,80,18,female
87435,45,win,1,10,18,female
87435,46,win,1,2,18,female
87435,47,win,1,10,18,female
87435,48,win,1,80,18,female
87435,49,win,0,40,18,female
87435,50,win,1,40,18,female
87435,51,win,1,1,18,female
87435,52,win,1,10,18,female
87435,53,win,1,40,18,female
87435,54,win,1,2,18,female
87435,55,win,1,10,18,female
87435,56,win,1,20,18,female
87435,57,win,1,10,18,female
87435,58,win,0,2,18,female
87435,59,win,1,5,18,female
87435,60,win,1,20,18,female
87435,61,win,1,5,18,female
87435,62,win,0,1,18,female
87435,63,win,0,2,18,female
87435,64,win,0,10,18,female
87435,65,win,1,1,18,female
87435,66,win,1,1,18,female
91149,7,win,1,20,19,female
91149,8,win,1,1,19,female
91149,9,win,1,2,19,female
91149,10,win,1,1,19,female
91149,11,win,0,40,19,female
91149,12,win,1,10,19,female
91149,13,win,1,1,19,female
91149,14,win,0,80,19,female
91149,15,win,0,5,19,female
91149,16,win,1,2,19,female
91149,17,win,1,20,19,female
91149,18,win,0,40,19,female
91149,19,win,1,10,19,female
91149,20,win,1,20,19,female
91149,21,win,1,2,19,female
91149,22,win,1,40,19,female
91149,23,win,0,20,19,female
91149,24,win,0,20,19,female
91149,25,win,1,1,19,female
91149,26,win,1,10,19,female
91149,27,win,1,10,19,female
91149,28,win,1,10,19,female
91149,29,win,0,5,19,female
91149,30,win,0,1,19,female
91149,31,win,0,80,19,female
91149,32,win,0,2,19,female
91149,33,win,1,10,19,female
91149,34,win,1,10,19,female
91149,35,win,1,5,19,female
91149,36,win,1,80,19,female
91149,37,win,0,20,19,female
91149,38,win,1,2,19,female
91149,39,win,0,2,19,female
91149,40,win,1,10,19,female
91149,41,win,0,5,19,female
91149,42,win,1,20,19,female
91149,43,win,1,2,19,female
91149,44,win,0,2,19,female
91149,45,win,0,5,19,female
91149,46,win,0,1,19,female
91149,47,win,0,20,19,female
91149,48,win,0,40,19,female
91149,49,win,0,5,19,female
91149,50,win,1,2,19,female
91149,51,win,1,10,19,female
91149,52,win,1,5,19,female
91149,53,win,0,20,19,female
91149,54,win,1,1,19,female
91149,55,win,1,1,19,female
91149,56,win,1,5,19,female
91149,57,win,1,1,19,female
91149,58,win,1,1,19,female
91149,59,win,1,80,19,female
91149,60,win,1,10,19,female
91149,61,win,1,40,19,female
91149,62,win,1,2,19,female
91149,63,win,1,20,19,female
91149,64,win,1,5,19,female
91149,65,win,1,5,19,female
91149,66,win,1,80,19,female
91916,67,win,1,10,21,female
91916,68,win,1,2,21,female
91916,69,win,1,1,21,female
91916,70,win,1,5,21,female
91916,71,win,1,1,21,female
91916,72,win,1,1,21,female
91916,73,win,1,40,21,female
91916,74,win,1,10,21,female
91916,75,win,1,10,21,female
91916,76,win,1,80,21,female
91916,77,win,1,20,21,female
91916,78,win,1,10,21,female
91916,79,win,1,2,21,female
91916,80,win,0,2,21,female
91916,81,win,1,5,21,female
91916,82,win,0,20,21,female
91916,83,win,1,1,21,female
91916,84,win,1,1,21,female
91916,85,win,0,10,21,female
91916,86,win,0,5,21,female
91916,87,win,0,5,21,female
91916,88,win,1,80,21,female
91916,89,win,0,20,21,female
91916,90,win,1,1,21,female
91916,91,win,0,20,21,female
91916,92,win,0,2,21,female
91916,93,win,0,10,21,female
91916,94,win,0,80,21,female
91916,95,win,1,5,21,female
91916,96,win,0,2,21,female
91916,97,win,0,5,21,female
91916,98,win,1,80,21,female
91916,99,win,1,40,21,female
91916,100,win,0,1,21,female
91916,101,win,0,20,21,female
91916,102,win,0,2,21,female
91916,103,win,0,5,21,female
91916,104,win,0,20,21,female
91916,105,win,0,5,21,female
91916,106,win,0,5,21,female
91916,107,win,0,1,21,female
91916,108,win,1,2,21,female
91916,109,win,0,10,21,female
91916,110,win,0,20,21,female
91916,111,win,1,1,21,female
91916,112,win,0,10,21,female
91916,113,win,0,20,21,female
91916,114,win,1,10,21,female
91916,115,win,0,40,21,female
91916,116,win,1,2,21,female
91916,117,win,1,80,21,female
91916,118,win,0,20,21,female
91916,119,win,1,5,21,female
91916,120,win,1,10,21,female
91916,121,win,1,20,21,female
91916,122,win,1,40,21,female
91916,123,win,1,40,21,female
91916,124,win,1,2,21,female
91916,125,win,1,1,21,female
91916,126,win,0,2,21,female
92465,7,win,1,2,44,female
92465,8,win,1,10,44,female
92465,9,win,0,80,44,female
92465,10,win,1,10,44,female
92465,11,win,0,40,44,female
92465,12,win,1,1,44,female
92465,13,win,0,10,44,female
92465,14,win,0,20,44,female
92465,15,win,1,40,44,female
92465,16,win,1,5,44,female
92465,17,win,0,1,44,female
92465,18,win,0,10,44,female
92465,19,win,1,10,44,female
92465,20,win,1,10,44,female
92465,21,win,1,20,44,female
92465,22,win,0,40,44,female
92465,23,win,1,20,44,female
92465,24,win,0,5,44,female
92465,25,win,1,1,44,female
92465,26,win,0,1,44,female
92465,27,win,1,2,44,female
92465,28,win,1,5,44,female
92465,29,win,0,80,44,female
92465,30,win,1,1,44,female
92465,31,win,0,2,44,female
92465,32,win,1,2,44,female
92465,33,win,1,5,44,female
92465,34,win,1,80,44,female
92465,35,win,1,5,44,female
92465,36,win,1,10,44,female
92465,37,win,0,2,44,female
92465,38,win,0,10,44,female
92465,39,win,0,20,44,female
92465,40,win,0,20,44,female
92465,41,win,1,1,44,female
92465,42,win,1,5,44,female
92465,43,win,0,5,44,female
92465,44,win,1,1,44,female
92465,45,win,0,2,44,female
92465,46,win,1,5,44,female
92465,47,win,1,20,44,female
92465,48,win,1,2,44,female
92465,49,win,0,10,44,female
92465,50,win,1,20,44,female
92465,51,win,1,40,44,female
92465,52,win,1,10,44,female
92465,53,win,0,2,44,female
92465,54,win,1,1,44,female
92465,55,win,0,1,44,female
92465,56,win,1,40,44,female
92465,57,win,1,1,44,female
92465,58,win,1,20,44,female
92465,59,win,1,80,44,female
92465,60,win,0,2,44,female
92465,61,win,1,20,44,female
92465,62,win,1,80,44,female
92465,63,win,1,2,44,female
92465,64,win,0,5,44,female
92465,65,win,0,5,44,female
92465,66,win,1,20,44,female
95046,67,win,1,20,18,female
95046,68,win,1,20,18,female
95046,69,win,0,10,18,female
95046,70,win,1,1,18,female
95046,71,win,0,10,18,female
95046,72,win,0,2,18,female
95046,73,win,1,1,18,female
95046,74,win,1,20,18,female
95046,75,win,1,5,18,female
95046,76,win,1,40,18,female
95046,77,win,1,10,18,female
95046,78,win,1,1,18,female
95046,79,win,0,5,18,female
95046,80,win,1,2,18,female
95046,81,win,0,10,18,female
95046,82,win,1,80,18,female
95046,83,win,1,2,18,female
95046,84,win,1,80,18,female
95046,85,win,1,5,18,female
95046,86,win,0,20,18,female
95046,87,win,0,1,18,female
95046,88,win,1,2,18,female
95046,89,win,1,5,18,female
95046,90,win,1,10,18,female
95046,91,win,1,5,18,female
95046,92,win,0,10,18,female
95046,93,win,1,1,18,female
95046,94,win,0,1,18,female
95046,95,win,0,20,18,female
95046,96,win,1,5,18,female
95046,97,win,1,80,18,female
95046,98,win,0,1,18,female
95046,99,win,1,10,18,female
95046,100,win,1,1,18,female
95046,101,win,0,2,18,female
95046,102,win,1,80,18,female
95046,103,win,1,2,18,female
95046,104,win,0,5,18,female
95046,105,win,1,2,18,female
95046,106,win,0,20,18,female
95046,107,win,1,10,18,female
95046,108,win,1,40,18,female
95046,109,win,1,5,18,female
95046,110,win,1,20,18,female
95046,111,win,1,20,18,female
95046,112,win,1,2,18,female
95046,113,win,1,20,18,female
95046,114,win,1,40,18,female
95046,115,win,1,1,18,female
95046,116,win,0,5,18,female
95046,117,win,1,80,18,female
95046,118,win,1,10,18,female
95046,119,win,1,40,18,female
95046,120,win,1,20,18,female
95046,121,win,1,5,18,female
95046,122,win,1,2,18,female
95046,123,win,0,1,18,female
95046,124,win,0,2,18,female
95046,125,win,0,10,18,female
95046,126,win,1,40,18,female
95140,7,win,1,1,18,male
95140,8,win,1,5,18,male
95140,9,win,1,80,18,male
95140,10,win,1,1,18,male
95140,11,win,0,80,18,male
95140,12,win,1,2,18,male
95140,13,win,0,5,18,male
95140,14,win,0,20,18,male
95140,15,win,1,2,18,male
95140,16,win,1,10,18,male
95140,17,win,0,10,18,male
95140,18,win,1,2,18,male
95140,19,win,1,1,18,male
95140,20,win,1,2,18,male
95140,21,win,1,10,18,male
95140,22,win,0,20,18,male
95140,23,win,0,20,18,male
95140,24,win,0,10,18,male
95140,25,win,0,2,18,male
95140,26,win,1,20,18,male
95140,27,win,0,80,18,male
95140,28,win,1,20,18,male
95140,29,win,0,2,18,male
95140,30,win,1,1,18,male
95140,31,win,0,40,18,male
95140,32,win,1,2,18,male
95140,33,win,0,2,18,male
95140,34,win,0,10,18,male
95140,35,win,1,10,18,male
95140,36,win,1,20,18,male
95140,37,win,1,80,18,male
95140,38,win,1,20,18,male
95140,39,win,0,5,18,male
95140,40,win,1,2,18,male
95140,41,win,1,10,18,male
95140,42,win,1,20,18,male
95140,43,win,1,5,18,male
95140,44,win,0,10,18,male
95140,45,win,1,10,18,male
95140,46,win,0,5,18,male
95140,47,win,1,2,18,male
95140,48,win,0,40,18,male
95140,49,win,1,80,18,male
95140,50,win,1,40,18,male
95140,51,win,0,1,18,male
95140,52,win,1,5,18,male
95140,53,win,1,20,18,male
95140,54,win,1,10,18,male
95140,55,win,0,5,18,male
95140,56,win,1,20,18,male
95140,57,win,1,1,18,male
95140,58,win,1,40,18,male
95140,59,win,1,40,18,male
95140,60,win,0,1,18,male
95140,61,win,0,5,18,male
95140,62,win,0,5,18,male
95140,63,win,0,1,18,male
95140,64,win,0,5,18,male
95140,65,win,0,1,18,male
95140,66,win,0,1,18,male